Año,Trimestre,Provincia,HASTA 512 kbps,+ 512 Kbps - 1 Mbps,+ 1 Mbps - 6 Mbps,+ 6 Mbps - 10 Mbps,+ 10 Mbps - 20 Mbps,+ 20 Mbps - 30 Mbps,+ 30 Mbps,OTROS,Banda ancha fija,Dial up,Total,Accesos por cada 100 hogares
2022,3,Buenos Aires,29985,27709,290315,297915,267044,124190,3618689,65821,4715469,6199,4721668,78.11
2022,3,Capital Federal,517,5742,34371,67829,51946,28692,1253105,105477,1545534,2145,1547679,122.28
2022,3,Catamarca,71,384,3107,5389,5099,3737,50298,2208,70292,1,70293,65.33
2022,3,Chaco,461,987,16782,18938,8049,15828,79390,3711,144141,5,144146,43.86
2022,3,Chubut,109,1444,45707,30940,34682,15309,17563,20024,164874,904,165778,84.38
2022,3,Córdoba,99,11312,153324,111615,70989,27112,650344,13873,1038600,68,1038668,88.31
2022,3,Corrientes,67,3865,23427,23948,7776,21706,56950,7107,144842,4,144846,48.21
2022,3,Entre Ríos,107,5549,47210,46855,18263,32021,102195,16759,268937,22,268959,63.67
2022,3,Formosa,97,307,23538,19545,6194,564,17704,589,68537,1,68538,43.76
2022,3,Jujuy,58,1879,19135,15254,36083,519,45895,0,118823,0,118823,58.91
2022,3,La Pampa,68,1887,61540,9653,11592,5609,22731,3012,115921,171,116092,96.59
2022,3,La Rioja,18,689,2842,3375,24219,5331,50390,0,86860,4,86864,80.66
2022,3,Mendoza,103,2953,44232,21977,48201,17243,150043,4771,288746,777,289523,51.03
2022,3,Misiones,51,3749,36628,20758,12676,19615,80330,8350,182157,0,182157,51.82
2022,3,Neuquén,134,991,38485,14080,9200,6700,78713,14858,162693,468,163161,80.37
2022,3,Río Negro,111,1221,32936,17860,27934,13629,42596,24271,160010,548,160558,67.98
2022,3,Salta,114,1490,32923,71199,5662,1001,85661,6491,204536,5,204541,57.76
2022,3,San Juan,24,2027,30324,11247,22157,6780,19221,11619,103118,281,103399,50.8
2022,3,San Luis,60,307,6563,20813,12061,67438,13,14815,121888,182,122070,81.74
2022,3,Santa Cruz,52,6841,12342,11313,11378,2333,4604,647,49312,198,49510,43.19
2022,3,Santa Fe,468,11132,132709,198588,70897,57455,396352,20209,887700,110,887810,78.55
2022,3,Santiago Del Estero,178,1384,28357,58982,16087,910,12342,792,119030,2,119032,47.98
2022,3,Tierra Del Fuego,22,831,12002,14815,20102,1752,1021,3351,53584,312,53896,99.51
2022,3,Tucumán,39,2047,32571,39018,25214,4348,159600,280,263087,30,263117,61.14
2022,2,Buenos Aires,30639,28323,295238,307554,273954,129869,3535757,65849,4660984,6199,4667183,77.58
2022,2,Capital Federal,517,5980,36036,72434,55372,31571,1229254,105607,1534626,2145,1536771,121.31
2022,2,Catamarca,71,413,3678,6155,7165,3393,43926,2207,67007,1,67008,62.4
2022,2,Chaco,461,1047,17603,20109,8391,15974,76271,3708,143559,5,143564,43.79
2022,2,Chubut,109,1444,45804,31217,34290,14526,15394,20021,161901,904,162805,83.19
2022,2,Córdoba,99,11971,160486,120485,71923,28645,619400,13426,1026367,68,1026435,87.48
2022,2,Corrientes,67,3937,24253,24842,8001,21719,55071,7107,144993,4,144997,48.35
2022,2,Entre Ríos,107,5656,48637,48557,18512,32355,98769,16759,269330,22,269352,63.9
2022,2,Formosa,97,407,23834,19706,6330,591,16326,590,67881,0,67881,43.42
2022,2,Jujuy,58,1829,19458,15790,37786,549,37391,2453,115314,0,115314,57.32
2022,2,La Pampa,68,1887,62546,9842,11800,5247,17125,3012,111356,171,111527,92.98
2022,2,La Rioja,18,728,3179,3890,23814,5481,48920,0,86026,4,86030,80.14
2022,2,Mendoza,103,2954,44961,22557,64138,19543,121366,3940,278785,777,279562,49.39
2022,2,Misiones,51,3808,37254,21712,12774,19757,75107,8350,178813,0,178813,51.0
2022,2,Neuquén,134,999,38826,15066,9205,2039,76982,18717,161500,468,161968,80.02
2022,2,Río Negro,111,1227,33364,17938,27168,13714,41972,24270,159216,548,159764,67.85
2022,2,Salta,114,1530,33732,72661,6012,1156,81478,6494,203172,5,203177,57.54
2022,2,San Juan,24,2027,30385,11276,24649,3728,16701,11617,100126,281,100407,49.46
2022,2,San Luis,60,306,6840,21217,11052,67438,13,14815,121559,182,121741,81.76
2022,2,Santa Cruz,52,6841,12348,11369,11885,2454,3592,644,48987,198,49185,43.15
2022,2,Santa Fe,468,11757,138534,204381,74133,58114,373888,17584,878749,110,878859,77.9
2022,2,Santiago Del Estero,178,1401,29581,59931,14606,883,10672,792,118042,2,118044,47.7
2022,2,Tierra Del Fuego,22,831,12052,14828,19968,1712,1006,3351,53458,312,53770,99.86
2022,2,Tucumán,39,2195,34461,43513,23634,4863,145541,281,254497,30,254527,59.31
2022,1,Buenos Aires,31591,30056,313382,321756,290127,161183,3381049,26280,4549131,6293,4555424,76.08
2022,1,Capital Federal,527,5575,39918,77390,61053,43289,1188072,1717,1415378,2163,1417541,111.8
2022,1,Catamarca,71,456,4386,7009,8773,3761,35715,2207,62377,1,62378,58.21
2022,1,Chaco,461,1099,16888,21235,20898,13012,62946,7580,144114,5,144119,44.06
2022,1,Chubut,113,1677,61369,31856,33080,13871,14055,15607,170701,927,171628,88.05
2022,1,Córdoba,100,12782,165922,126009,73967,34892,577027,13104,1003729,74,1003803,85.76
2022,1,Corrientes,67,4029,24563,25665,27077,10452,43631,7094,142574,4,142578,47.64
2022,1,Entre Ríos,107,5745,50075,49620,42294,21578,81757,16750,267904,22,267926,63.7
2022,1,Formosa,97,448,24113,6945,6613,716,15028,588,54548,0,54548,34.96
2022,1,Jujuy,58,1761,22141,16321,37923,576,35287,2442,116509,0,116509,58.06
2022,1,La Pampa,301,2223,62812,9869,12044,5250,14400,2833,109560,172,109732,91.66
2022,1,La Rioja,18,778,3576,4692,23624,5645,45970,0,84299,4,84303,78.77
2022,1,Mendoza,114,3355,51230,26407,74178,21566,95048,3287,274399,786,275185,48.74
2022,1,Misiones,51,3873,35655,22261,26855,15854,58610,8349,171508,0,171508,49.04
2022,1,Neuquén,137,1123,39856,15623,11163,2654,71238,7885,149208,471,149679,74.17
2022,1,Río Negro,116,1383,35565,18859,26926,14144,37729,22652,156821,553,157374,67.04
2022,1,Salta,114,1725,35576,68246,6313,2214,76838,6489,197510,5,197515,56.11
2022,1,San Juan,26,2269,32356,11914,25144,2088,11916,2465,87888,290,88178,43.55
2022,1,San Luis,61,643,8287,3837,9802,68612,13,28589,119659,185,119844,80.72
2022,1,Santa Cruz,51,6898,12710,11502,12277,2628,2551,485,48898,204,49102,43.34
2022,1,Santa Fe,468,12435,143796,208361,84787,58018,344170,18444,870364,115,870479,77.3
2022,1,Santiago Del Estero,178,1401,30220,61170,13542,849,8309,792,116459,2,116461,47.17
2022,1,Tierra Del Fuego,24,894,12849,15640,18034,1767,982,2421,52298,313,52611,98.29
2022,1,Tucumán,39,2212,36028,46961,21014,5211,133846,273,245554,30,245584,57.39
2021,4,Buenos Aires,37821,11026,352950,331292,297296,196021,3259793,22958,4502772,6385,4509157,75.66
2021,4,Capital Federal,563,1695,47133,81899,66135,66755,1147939,0,1409935,2184,1412119,111.27
2021,4,Catamarca,71,0,6038,7855,9804,3262,29827,2233,59089,1,59090,55.25
2021,4,Chaco,461,112,18845,22678,21937,13692,58435,7585,143740,5,143745,44.05
2021,4,Chubut,126,1294,63698,39568,31175,5780,2904,15763,159364,944,160308,82.57
2021,4,Córdoba,100,2479,184548,130892,76246,41198,538700,12607,986693,77,986770,84.51
2021,4,Corrientes,67,645,28830,26368,22922,10087,39911,7082,135908,4,135912,45.51
2021,4,Entre Ríos,107,3024,56043,49636,38295,24068,77290,16583,265024,22,265046,63.16
2021,4,Formosa,84,0,22908,6983,6811,1135,13775,1967,53663,0,53663,34.45
2021,4,Jujuy,58,175,22446,16793,38134,564,33421,2324,113915,0,113915,56.92
2021,4,La Pampa,301,493,64840,9082,12259,4821,12184,3027,106834,173,107007,89.57
2021,4,La Rioja,18,1,5018,5437,23559,5671,43424,0,83124,4,83128,77.92
2021,4,Mendoza,156,1463,66428,30308,75214,18621,75031,366,266783,804,267587,47.51
2021,4,Misiones,51,5,41916,23554,26721,15954,54596,8335,171132,0,171132,49.06
2021,4,Neuquén,140,940,42313,13264,10515,3310,69217,7767,146989,477,147466,73.3
2021,4,Río Negro,156,1174,38373,19878,31255,4130,36142,22645,153189,564,153753,65.69
2021,4,Salta,114,20,40673,69324,6642,3535,72622,6475,199399,6,199405,56.81
2021,4,San Juan,44,1442,28906,10955,23978,398,9800,4435,79667,291,79958,39.59
2021,4,San Luis,62,264,8550,4276,9107,67363,9,29218,118662,187,118849,80.3
2021,4,Santa Cruz,52,297,20305,11641,13054,1770,876,491,48276,210,48486,43.05
2021,4,Santa Fe,467,581,169706,206856,85690,62349,322015,18777,866265,176,866441,77.09
2021,4,Santiago Del Estero,178,909,31915,61524,12205,800,7537,793,115859,2,115861,47.05
2021,4,Tierra Del Fuego,26,385,13505,16534,16562,1748,1017,2580,52042,315,52357,98.4
2021,4,Tucumán,39,97,37321,48736,21023,5326,125857,240,238609,30,238639,55.93
2021,3,Buenos Aires,37193,31149,1108940,248153,141383,192797,2482266,9728,4246425,5184,4251609,71.68
2021,3,Capital Federal,295,603,156978,67013,39785,73502,1075229,0,1411797,1608,1413405,111.27
2021,3,Catamarca,71,0,6755,8428,10517,1659,26618,2206,56253,1,56254,52.71
2021,3,Chaco,301,112,22545,20986,23852,14412,49705,7958,139868,3,139871,42.96
2021,3,Chubut,104,105,89168,26281,18538,5320,1643,14907,155266,800,156066,80.71
2021,3,Córdoba,99,2452,204989,141285,65050,47198,476459,9256,946726,62,946788,81.28
2021,3,Corrientes,67,645,29629,28478,24792,9687,35468,5053,133816,3,133819,44.9
2021,3,Entre Ríos,107,3024,61354,59776,39114,16284,67961,12755,260360,15,260375,62.18
2021,3,Formosa,381,0,22778,7142,6978,1192,12707,1617,52795,0,52795,33.96
2021,3,Jujuy,48,175,23884,16417,37755,561,29917,2401,111158,0,111158,55.69
2021,3,La Pampa,298,313,65063,7395,8737,4023,10506,4152,100371,116,100487,84.28
2021,3,La Rioja,18,1,5366,5979,23315,4868,42613,0,82157,3,82160,77.26
2021,3,Mendoza,36,31,151871,12640,62628,7596,21087,50,255320,619,255939,45.55
2021,3,Misiones,51,5,41932,25099,26079,14792,42291,8279,158528,0,158528,45.57
2021,3,Neuquén,112,327,57441,8566,6234,3631,57919,5579,139436,373,139809,69.71
2021,3,Río Negro,125,557,68991,3730,14880,2282,34011,20009,144084,501,144585,61.97
2021,3,Salta,101,20,41431,70104,6962,3878,67010,6327,195831,2,195833,55.96
2021,3,San Juan,18,333,59873,752,13250,338,278,4641,79227,256,79483,39.46
2021,3,San Luis,60,0,11552,2405,6491,67942,22,29392,117716,148,117864,79.87
2021,3,Santa Cruz,50,0,30561,8365,6799,1788,678,735,48779,197,48976,43.75
2021,3,Santa Fe,467,579,193207,201250,83941,55080,290793,16267,841433,151,841584,75.02
2021,3,Santiago Del Estero,123,909,32752,61838,11274,801,6863,898,115457,1,115458,47.0
2021,3,Tierra Del Fuego,17,0,23723,13397,9782,1433,976,895,49934,289,50223,94.95
2021,3,Tucumán,32,97,39446,50293,21986,5300,115154,164,232447,25,232472,54.64
2021,2,Buenos Aires,37192,31178,1096049,244001,140322,236897,2337604,9108,4127167,5184,4132351,70.0
2021,2,Capital Federal,294,603,157558,73568,43859,86655,1037752,66,1398747,1608,1400355,110.14
2021,2,Catamarca,71,0,7219,9091,6828,4941,25388,2206,55743,1,55744,52.34
2021,2,Chaco,301,112,23444,21574,24032,16069,47239,7958,140726,3,140729,43.33
2021,2,Chubut,104,105,89639,22605,16604,3896,1112,5172,138412,825,139237,72.29
2021,2,Córdoba,99,2452,201757,136516,66950,70824,442357,9925,930818,62,930880,80.12
2021,2,Corrientes,67,645,29419,27037,24524,10059,32697,5053,129498,3,129501,43.54
2021,2,Entre Ríos,107,3024,63518,55349,39468,18484,61605,16077,257617,15,257632,61.66
2021,2,Formosa,381,0,22364,7310,7460,1341,11077,1618,51551,0,51551,33.23
2021,2,Jujuy,48,175,24182,16577,37908,607,29950,2401,111848,0,111848,56.18
2021,2,La Pampa,298,554,64146,7769,8128,3399,9311,4062,97551,116,97667,82.08
2021,2,La Rioja,18,1,5312,5971,23298,4825,42158,19,81599,3,81602,76.98
2021,2,Mendoza,36,31,137462,10886,56117,4403,20686,50,229052,619,229671,40.97
2021,2,Misiones,51,5,41643,25907,25811,16172,38308,8279,156176,0,156176,45.01
2021,2,Neuquén,112,327,57713,8631,5871,5943,54008,5645,137877,373,138250,69.14
2021,2,Río Negro,125,557,69356,3663,15019,3867,31488,20009,143583,501,144084,61.94
2021,2,Salta,101,20,42543,67012,7099,9654,58882,6328,191637,2,191639,54.93
2021,2,San Juan,18,333,59989,784,12550,340,278,4641,78677,256,78933,39.28
2021,2,San Luis,60,0,11752,2703,5418,65946,22,36917,122670,148,122818,83.48
2021,2,Santa Cruz,50,0,30595,8463,6888,1575,676,735,48785,197,48982,44.01
2021,2,Santa Fe,467,896,202018,204077,80452,75195,262124,15371,840449,151,840600,75.07
2021,2,Santiago Del Estero,123,909,32034,62224,10359,811,6064,1566,114089,1,114090,46.56
2021,2,Tierra Del Fuego,17,0,21335,6913,4580,476,889,1483,35404,289,35693,67.89
2021,2,Tucumán,32,97,40224,51648,23732,5022,109616,2680,233026,25,233051,54.93
2021,1,Buenos Aires,36939,31187,1108368,240520,163747,222061,2246313,10867,4054936,5066,4060002,69.11
2021,1,Capital Federal,135,244,159662,76753,56457,83255,1003041,126,1378283,1390,1379673,108.42
2021,1,Catamarca,71,0,7423,8455,10115,712,22996,2196,51967,1,51968,48.9
2021,1,Chaco,301,112,24357,22102,27556,14496,42462,8384,139767,3,139770,43.14
2021,1,Chubut,106,109,86986,21401,15392,2844,1112,4390,131515,825,132340,68.99
2021,1,Córdoba,93,2386,211799,135092,74659,71984,402191,12677,910826,55,910881,78.59
2021,1,Corrientes,67,527,31544,26223,26169,9001,27641,5453,126622,3,126625,42.66
2021,1,Entre Ríos,105,2911,67255,56060,42432,15774,54600,12826,251950,13,251963,60.44
2021,1,Formosa,56,0,22409,7569,7916,1215,9579,1942,50686,0,50686,32.73
2021,1,Jujuy,49,175,23735,17293,40649,568,25609,2378,110456,0,110456,55.63
2021,1,La Pampa,298,554,68200,7864,7611,2786,7368,2424,96989,116,97105,81.78
2021,1,La Rioja,18,1,36749,5968,4604,215,5074,-1,52625,3,52628,49.81
2021,1,Mendoza,28,40,134386,11216,52533,4061,16615,44,218308,615,218923,39.15
2021,1,Misiones,51,524,40949,25503,27101,14050,32953,8256,149387,0,149387,43.17
2021,1,Neuquén,116,327,56171,8443,5903,5677,50840,5758,132862,373,133235,66.84
2021,1,Río Negro,125,466,70011,4187,13045,3642,29589,20103,140667,501,141168,60.88
2021,1,Salta,109,20,40785,68149,9164,8139,54889,6319,187572,2,187574,53.93
2021,1,San Juan,25,194,60439,858,11494,340,276,4641,78011,256,78267,39.06
2021,1,San Luis,58,0,11889,2926,4429,62913,22,36917,119006,148,119154,81.24
2021,1,Santa Cruz,50,0,30655,8334,6987,1337,647,-1945,45868,197,46065,41.65
2021,1,Santa Fe,518,891,201632,204458,91846,65476,236924,24382,825990,137,826127,73.92
2021,1,Santiago Del Estero,123,909,33884,58464,8549,700,4868,4144,111640,1,111641,45.67
2021,1,Tierra Del Fuego,17,0,21379,1468,4317,486,919,11836,40133,289,40422,77.35
2021,1,Tucumán,29,97,42810,53416,25255,4188,103437,2680,231890,22,231912,54.82
2020,4,Buenos Aires,36939,31197,1109865,242243,214171,213588,2176242,9016,4028195,5066,4033261,68.98
2020,4,Capital Federal,135,244,160210,78123,60208,80269,1000073,268,1378140,1390,1379530,108.31
2020,4,Catamarca,71,0,8843,8740,11436,591,20406,2309,52395,1,52396,49.41
2020,4,Chaco,301,112,24782,22479,26802,15701,40949,7965,139088,3,139091,43.03
2020,4,Chubut,106,109,88157,21824,12046,2818,1112,4402,129749,825,130574,68.35
2020,4,Córdoba,119,2386,214963,135262,82221,70013,384169,13568,902646,55,902701,78.08
2020,4,Corrientes,67,527,31900,26321,25687,9383,26789,4985,125656,3,125659,42.43
2020,4,Entre Ríos,105,2911,65659,53556,40755,16600,53141,14654,247368,13,247381,59.47
2020,4,Formosa,56,0,23540,7606,7181,1197,8946,1680,50206,0,50206,32.49
2020,4,Jujuy,49,182,23772,14379,44930,446,19282,2811,105851,0,105851,53.46
2020,4,La Pampa,298,554,70184,8124,6562,2396,6257,2520,96779,116,96895,81.77
2020,4,La Rioja,18,1,36906,6060,4633,181,4979,0,52775,3,52778,50.11
2020,4,Mendoza,28,40,146312,11172,40396,3378,11557,2570,214838,615,215453,38.63
2020,4,Misiones,51,524,39988,26078,26445,14810,32264,7001,147161,0,147161,42.64
2020,4,Neuquén,116,327,56434,8478,5791,5493,50776,5720,132762,373,133135,67.0
2020,4,Río Negro,125,466,70305,4153,13131,3512,29372,20146,140709,501,141210,61.09
2020,4,Salta,109,514,41443,68829,15188,8291,46697,6319,187388,2,187390,54.04
2020,4,San Juan,25,194,61316,740,5126,332,275,4588,72340,256,72596,36.32
2020,4,San Luis,58,0,14020,3490,2688,62239,22,36918,119287,148,119435,81.68
2020,4,Santa Cruz,47,0,27173,4382,6634,1033,647,758,40477,197,40674,37.0
2020,4,Santa Fe,518,891,206372,203793,94246,65145,226246,23602,820676,137,820813,73.58
2020,4,Santiago Del Estero,123,909,34518,57590,4666,411,4520,3932,106668,1,106669,43.75
2020,4,Tierra Del Fuego,17,0,21881,6119,3497,488,922,6690,39325,289,39614,76.27
2020,4,Tucumán,29,97,44095,54334,32155,4105,93594,2680,231067,22,231089,54.78
2020,3,Buenos Aires,37542,31514,1113823,234710,219772,194248,2085815,19853,3932211,5066,3937277,67.66
2020,3,Capital Federal,264,312,162222,85083,68753,78028,977766,247,1371285,1390,1372675,107.68
2020,3,Catamarca,63,0,8276,8768,11195,562,18886,2154,49903,1,49904,47.16
2020,3,Chaco,308,112,24675,21639,27546,13751,38729,7194,133951,3,133954,41.54
2020,3,Chubut,158,109,87559,22114,12217,2818,1110,3942,129202,825,130027,68.34
2020,3,Córdoba,168,3064,218599,124833,84236,63823,361021,11728,867417,55,867472,75.22
2020,3,Corrientes,72,527,35190,23315,25308,8615,25344,5020,123388,3,123391,41.75
2020,3,Entre Ríos,130,2911,66648,51478,40797,14377,49395,15759,241482,13,241495,58.19
2020,3,Formosa,391,151,23163,7432,7125,991,8219,1737,49209,0,49209,31.91
2020,3,Jujuy,55,182,32131,10566,45198,293,15238,3065,106728,0,106728,54.04
2020,3,La Pampa,293,810,66695,7820,5577,2189,6322,4029,93619,116,93735,79.26
2020,3,La Rioja,21,1,37105,5955,4660,124,4748,2,52613,3,52616,50.12
2020,3,Mendoza,58,40,141404,12123,42433,3448,8237,45,207173,615,207788,37.35
2020,3,Misiones,71,524,39005,24215,25942,13663,30987,8779,143186,0,143186,41.6
2020,3,Neuquén,218,327,60463,6561,5975,5449,49439,803,128862,373,129235,65.24
2020,3,Río Negro,114,466,68986,3769,7096,3455,28488,19093,130966,501,131467,57.05
2020,3,Salta,129,514,32780,64736,15990,7928,43773,14996,180844,2,180846,52.32
2020,3,San Juan,48,194,65526,711,6529,41,128,4150,77071,256,77327,38.79
2020,3,San Luis,105,0,12199,3351,2666,61319,8,36917,116417,148,116565,79.96
2020,3,Santa Cruz,66,0,26888,4015,6730,629,120,833,39084,197,39281,35.95
2020,3,Santa Fe,568,1241,213353,199381,92095,58797,210562,27001,802861,137,802998,72.12
2020,3,Santiago Del Estero,133,909,33287,57418,4658,292,3994,4801,105491,1,105492,43.38
2020,3,Tierra Del Fuego,11,0,22094,5414,3726,481,937,6992,39366,289,39655,76.81
2020,3,Tucumán,52,97,45913,54610,33126,3246,84195,2637,223854,22,223876,53.23
2020,2,Buenos Aires,37542,31606,1129236,241336,233132,188995,1894466,21233,3772480,5066,3777546,65.22
2020,2,Capital Federal,264,312,166474,94585,79858,80160,935481,687,1356431,1390,1357821,106.41
2020,2,Catamarca,63,0,8801,8690,10242,426,16578,3176,47975,1,47976,45.43
2020,2,Chaco,308,928,24350,21140,29044,12082,33311,6969,128129,3,128132,39.83
2020,2,Chubut,158,109,69578,22188,10537,1473,614,3999,107831,825,108656,57.34
2020,2,Córdoba,168,4383,219025,125932,89530,63216,325243,8971,836413,55,836468,72.71
2020,2,Corrientes,72,527,34242,22845,25844,7898,22418,5020,118863,3,118866,40.3
2020,2,Entre Ríos,130,3679,66758,50640,42090,12856,43391,14569,234100,13,234113,56.54
2020,2,Formosa,391,151,23534,7109,6998,961,7475,1313,47932,0,47932,31.14
2020,2,Jujuy,55,182,30548,10519,26829,209,9417,16557,94316,0,94316,47.89
2020,2,La Pampa,293,810,71218,7531,3800,1657,3377,1123,89693,116,89809,76.1
2020,2,La Rioja,21,1,37375,5661,4686,73,4336,2,52152,3,52155,49.84
2020,2,Mendoza,58,40,142253,12439,35274,3248,5422,2450,200569,615,201184,36.25
2020,2,Misiones,71,524,39867,23719,26445,12305,28763,8646,140340,0,140340,40.89
2020,2,Neuquén,218,327,61171,6103,6625,5296,46432,0,125799,373,126172,63.9
2020,2,Río Negro,114,466,70817,3335,7498,3246,26953,17057,128985,501,129486,56.37
2020,2,Salta,129,514,41801,64463,16989,7741,39594,6531,177760,2,177762,51.58
2020,2,San Juan,48,194,59113,917,4908,40,127,4430,69521,256,69777,35.09
2020,2,San Luis,105,0,11439,3585,1934,60889,8,35992,113804,148,113952,78.41
2020,2,Santa Cruz,66,0,26938,4166,6541,546,119,493,38672,197,38869,35.79
2020,2,Santa Fe,568,2061,213054,198772,96575,57236,189473,20193,777795,137,777932,70.0
2020,2,Santiago Del Estero,133,1779,32557,57709,5178,247,3328,4516,105446,1,105447,43.47
2020,2,Tierra Del Fuego,11,0,22325,5186,3034,391,796,7446,38900,289,39189,76.37
2020,2,Tucumán,52,97,49028,54537,34184,2246,74377,2635,217134,22,217156,51.78
2020,1,Buenos Aires,38215,36802,1122034,236421,247977,205780,1802583,28935,3702985,5066,3718747,64.33
2020,1,Capital Federal,264,312,169651,102254,89665,85899,906009,0,1352104,1390,1354054,105.98
2020,1,Catamarca,63,0,8838,7543,9558,408,10299,2151,39634,1,38860,37.62
2020,1,Chaco,308,928,23291,19976,29851,10416,28539,6917,120274,3,120226,37.48
2020,1,Chubut,158,109,69586,12957,7756,1240,614,4500,95938,800,96920,51.27
2020,1,Córdoba,142,5128,217229,120188,95827,65733,296875,9802,811044,55,810924,70.69
2020,1,Corrientes,72,527,33479,21382,26679,7351,19467,4780,113967,3,113737,38.73
2020,1,Entre Ríos,130,4081,72280,47132,41125,11988,39794,13762,231833,13,230292,56.12
2020,1,Formosa,1127,342,23761,6500,6564,964,6918,100,46434,0,46276,30.23
2020,1,Jujuy,55,182,33120,9979,26693,166,7349,16545,91665,0,94089,46.67
2020,1,La Pampa,293,811,72740,7199,3029,1342,2113,1618,89110,116,89145,75.77
2020,1,La Rioja,21,1,37209,5158,4640,22,1294,0,48337,3,48345,46.35
2020,1,Mendoza,58,40,140410,12285,17489,2860,3818,0,182837,615,176960,33.14
2020,1,Misiones,71,524,36622,21271,26433,11581,26313,10885,133552,0,133700,39.02
2020,1,Neuquén,218,327,60152,5257,7123,5399,43738,0,121354,373,122214,61.85
2020,1,Río Negro,114,466,69154,2930,7857,3199,25488,17719,125699,501,126927,55.12
2020,1,Salta,129,514,38537,63714,17991,8625,34744,6441,170379,2,170695,49.6
2020,1,San Juan,48,194,59787,1594,1292,40,127,4779,63975,256,67861,32.39
2020,1,San Luis,105,0,11322,4164,525,58258,5,36075,110404,148,110454,76.31
2020,1,Santa Cruz,67,11,27447,4993,5169,529,119,0,38625,197,38335,35.97
2020,1,Santa Fe,696,2994,217553,196826,104560,48448,173823,17656,770981,137,762556,69.52
2020,1,Santiago Del Estero,133,1779,33086,56884,3737,135,2799,4501,102754,1,103054,42.47
2020,1,Tierra Del Fuego,11,1,22976,5024,1834,196,518,7046,38505,289,37606,76.07
2020,1,Tucumán,52,97,49555,50383,31096,1730,67536,0,200045,22,200449,47.85
2019,4,Buenos Aires,33489,27537,1177446,262297,247106,452570,1465133,20676,3681120,5134,3686254,64.25
2019,4,Capital Federal,307,15,177098,110218,110852,205810,753805,0,1356695,1410,1358105,106.25
2019,4,Catamarca,63,0,9945,7619,9305,804,7477,3098,38310,1,38311,36.44
2019,4,Chaco,83,0,25899,18959,30902,13516,21556,6988,117900,3,117903,36.84
2019,4,Chubut,158,4,69405,12945,7615,1240,614,4121,95292,810,96102,51.15
2019,4,Córdoba,142,0,232781,118232,109330,114111,221742,10350,806633,55,806688,70.48
2019,4,Corrientes,72,0,35055,20620,27367,9981,15744,4995,113831,3,113834,38.77
2019,4,Entre Ríos,47,0,88203,44511,42962,18976,30153,14178,239017,13,239030,57.99
2019,4,Formosa,1127,191,24606,6319,6788,1766,5671,243,46711,0,46711,30.47
2019,4,Jujuy,55,0,32920,9632,26764,102,5286,14122,88881,0,88881,45.38
2019,4,La Pampa,293,313,76747,6900,1951,1287,1342,1566,90280,119,90399,76.92
2019,4,La Rioja,21,0,37846,5045,4763,22,1305,0,48999,3,49002,47.14
2019,4,Mendoza,746,9,145139,12955,15237,2165,2628,6901,185157,623,185780,33.65
2019,4,Misiones,71,0,39664,20840,27305,15626,20799,11508,135813,0,135813,39.79
2019,4,Neuquén,218,1,57370,4439,7357,12059,35001,0,116069,376,116445,59.36
2019,4,Río Negro,114,0,71847,2797,8558,6968,19837,17019,126636,504,127140,55.71
2019,4,Salta,149,1,42159,67656,15369,14170,25821,7120,172443,2,172445,50.35
2019,4,San Juan,48,1,60626,1594,1292,40,127,1246,64715,259,64974,32.85
2019,4,San Luis,105,0,11901,4164,525,55216,3,36287,108053,148,108201,74.92
2019,4,Santa Cruz,67,0,32368,4346,2224,7,8,350,39170,200,39370,36.71
2019,4,Santa Fe,698,0,230234,190664,113527,70998,135576,27472,769019,150,769169,69.48
2019,4,Santiago Del Estero,133,908,34911,56309,3756,105,2449,5017,103587,1,103588,42.92
2019,4,Tierra Del Fuego,11,0,23593,5050,1848,139,1962,7789,40101,291,40392,79.7
2019,4,Tucumán,55,0,54544,52017,28916,6405,56707,0,198621,23,198644,47.65
2019,3,Buenos Aires,238920,44648,1432722,222812,260506,483572,1246209,42294,3950114,10119,3971683,69.36
2019,3,Capital Federal,104,368,269704,120924,138011,258591,655108,0,1437734,3477,1442810,112.65
2019,3,Catamarca,34,43,14449,9285,6333,72,15,2151,32391,9,32382,30.88
2019,3,Chaco,69,1216,32764,28198,13336,12987,16740,6917,114438,13,112227,35.85
2019,3,Chubut,74,840,62680,13033,7171,1240,614,4500,87481,1524,90152,47.57
2019,3,Córdoba,83,5824,240151,106651,118486,146247,157546,7353,782946,107,782341,68.59
2019,3,Corrientes,10,597,42231,29628,10348,10388,12674,4780,112749,10,110656,38.49
2019,3,Entre Ríos,19,4446,99656,56161,17064,21216,22645,15107,238057,45,236314,57.9
2019,3,Formosa,1110,349,24943,6049,7117,2262,4443,100,46066,0,46373,30.11
2019,3,Jujuy,27,885,31722,9240,26835,56,3671,16545,86575,1,88981,44.32
2019,3,La Pampa,237,3289,75849,5922,1611,1359,941,1618,90559,269,90826,77.45
2019,3,La Rioja,9,10,38657,4786,4887,22,1307,0,49659,18,49678,47.94
2019,3,Mendoza,21,1269,206821,2958,10093,1263,349,0,223015,1322,222774,40.74
2019,3,Misiones,47,1928,43530,29375,11256,16107,16650,12206,133883,0,131099,39.33
2019,3,Neuquén,45,2258,62909,4586,9597,16923,28458,122,123435,1986,124898,64.14
2019,3,Río Negro,47,1234,87435,2348,9779,10176,15505,17719,143391,904,144243,63.42
2019,3,Salta,49,900,43160,62230,14309,11418,12357,7515,151834,1,151938,44.48
2019,3,San Juan,22,171,68315,2245,1267,41,128,4779,72535,563,76968,37.06
2019,3,San Luis,57,100,18643,5113,467,62242,5,36075,122409,291,122702,85.23
2019,3,Santa Cruz,28,84,31612,4472,1203,27,4,0,37642,328,37430,35.63
2019,3,Santa Fe,640,8184,242454,193286,107068,84325,97082,19537,760706,228,752576,68.87
2019,3,Santiago Del Estero,39,1832,35554,55172,3612,86,1836,34501,133130,2,132632,55.3
2019,3,Tierra Del Fuego,6,14,32133,4692,1756,82,226,9648,48043,544,48557,96.46
2019,3,Tucumán,16,110,71043,47693,24354,843,20385,0,164099,32,164444,39.49
2019,2,Buenos Aires,199768,46852,1436259,217785,438663,502275,985767,43438,3845594,10104,3870807,67.85
2019,2,Capital Federal,74,1027,281370,124087,239691,296155,475991,0,1412177,3443,1418395,110.55
2019,2,Catamarca,34,43,16631,8670,6049,34,10,2151,33626,9,33622,32.13
2019,2,Chaco,69,1383,38488,26431,16789,15348,9904,1492,108721,13,109904,34.14
2019,2,Chubut,66,3952,69032,10049,1495,74,165,4500,86038,1518,89333,46.99
2019,2,Córdoba,81,8165,248427,100512,157458,170159,76053,8938,775023,105,769793,68.07
2019,2,Corrientes,10,3012,40424,27774,13114,11928,7119,6080,111539,10,109461,38.16
2019,2,Entre Ríos,18,5905,100687,52316,23196,24221,10664,17206,235780,44,234213,57.48
2019,2,Formosa,1110,349,26512,5399,8384,2639,2258,100,46438,0,46751,30.42
2019,2,Jujuy,27,940,26233,8441,26700,27,2600,21765,86706,1,86733,44.51
2019,2,La Pampa,236,3289,75406,5191,1366,1445,629,2661,89937,268,90223,77.08
2019,2,La Rioja,9,11,39819,4297,4857,13,1298,0,50283,18,50304,48.7
2019,2,Mendoza,20,2522,205165,2971,10092,1256,234,0,222535,1322,222260,40.75
2019,2,Misiones,47,2226,45769,27385,15408,18882,8129,12206,132878,0,130052,39.15
2019,2,Neuquén,302,3038,61776,4688,17318,21210,14132,422,120954,1999,122886,63.08
2019,2,Río Negro,384,1354,86366,2201,10291,12407,6907,18519,137632,915,138429,61.09
2019,2,Salta,49,974,59638,36923,16961,14059,6461,7585,142567,1,142650,41.89
2019,2,San Juan,22,213,60913,2177,785,7,4,6119,69461,564,70240,35.6
2019,2,San Luis,57,102,16575,4964,467,57236,5,37977,117094,291,117383,81.79
2019,2,Santa Cruz,25,84,24861,3806,1202,28,4,0,30225,325,30010,28.85
2019,2,Santa Fe,321,8427,300124,125176,129741,100131,49865,22323,743258,226,736108,67.42
2019,2,Santiago Del Estero,39,1832,63268,21362,3741,108,1205,34501,126752,2,126056,52.79
2019,2,Tierra Del Fuego,6,123,41824,4241,1573,96,32,0,46910,544,47895,94.8
2019,2,Tucumán,16,157,78891,44296,24291,628,18394,0,166299,32,166673,40.14
2019,1,Buenos Aires,162513,72296,1429964,202511,576428,576859,705769,6369,3736563,10104,3732709,66.24
2019,1,Capital Federal,74,7417,283787,131007,330122,365713,283463,0,1396157,3443,1401583,109.2
2019,1,Catamarca,34,1708,18761,6443,5606,29,7,2151,33613,9,34739,32.19
2019,1,Chaco,69,3801,38719,25632,18965,12393,6368,1035,103664,13,106982,32.64
2019,1,Chubut,66,3938,71077,6571,787,74,165,0,78260,1518,82678,43.0
2019,1,Córdoba,81,20403,242769,96997,200681,127965,50716,6806,744010,105,746418,65.52
2019,1,Corrientes,10,6470,38402,26562,15498,9688,5029,0,102477,10,101659,35.13
2019,1,Entre Ríos,18,9217,107013,50068,28957,18146,7619,12142,232403,44,233180,56.79
2019,1,Formosa,1110,3023,23085,5301,9027,2099,1654,0,45211,0,45299,29.68
2019,1,Jujuy,27,2817,30727,7811,4021,30,1141,37162,90146,1,83736,46.41
2019,1,La Pampa,236,8327,70538,4466,1061,1354,405,698,88892,268,87085,76.35
2019,1,La Rioja,9,1169,40285,4088,5216,17,869,0,51638,18,51653,50.18
2019,1,Mendoza,20,1786,205383,2837,5702,111,140,0,204976,1322,215979,37.66
2019,1,Misiones,47,5946,45266,25890,19111,16552,5167,7654,122720,0,125633,36.26
2019,1,Neuquén,1328,3055,52360,1781,21452,17135,11026,6105,112321,2056,114242,58.88
2019,1,Río Negro,384,1583,84845,2037,13615,9567,5076,3719,120173,915,120826,53.57
2019,1,Salta,49,4232,59244,36473,22910,10861,2242,1,136019,1,136012,40.1
2019,1,San Juan,22,229,62380,266,520,3,2,560,61881,564,63982,31.83
2019,1,San Luis,57,120,21380,53214,345,6,2,23577,96044,291,98701,67.34
2019,1,Santa Cruz,25,128,21990,2731,702,26,4,0,24580,325,25606,23.67
2019,1,Santa Fe,333,29350,296798,122959,153212,74575,36502,18591,736851,227,732320,66.97
2019,1,Santiago Del Estero,39,3372,62895,20691,3959,85,494,0,89851,2,91535,37.52
2019,1,Tierra Del Fuego,6,131,38851,3623,641,80,29,0,45903,544,43361,93.38
2019,1,Tucumán,16,5188,82240,42877,26210,847,14839,0,171970,32,172217,41.63
2018,4,Buenos Aires,134673,73761,1422463,194426,577679,949093,265386,19125,3626502,10104,3636606,64.6
2018,4,Capital Federal,74,7388,283281,143309,330496,437662,186810,0,1385577,3443,1389020,108.27
2018,4,Catamarca,34,1669,17955,6425,5461,29,7,2003,33574,9,33583,32.23
2018,4,Chaco,69,3405,36437,25633,18965,12393,6368,0,103257,13,103270,32.59
2018,4,Chubut,66,3917,66061,6215,531,623,165,1144,77204,1518,78722,42.61
2018,4,Córdoba,81,24102,228475,97277,201639,128053,48809,8903,737234,105,737339,65.09
2018,4,Corrientes,10,6438,37376,26562,15498,9688,5029,0,100591,10,100601,34.57
2018,4,Entre Ríos,18,8769,94780,50027,29002,18146,7612,13693,222003,44,222047,54.37
2018,4,Formosa,1110,3074,22962,5285,9027,2092,1654,0,45204,0,45204,29.74
2018,4,Jujuy,27,2803,30727,7811,4021,30,1141,43573,90132,1,90133,46.53
2018,4,La Pampa,241,7727,70508,3661,978,1328,270,923,85368,268,85636,73.49
2018,4,La Rioja,9,1164,40285,4088,5216,17,869,3,51633,18,51651,50.35
2018,4,Mendoza,20,1463,197450,2494,4726,19,132,0,204982,1322,206304,37.76
2018,4,Misiones,47,5981,43267,26019,19226,16566,5167,0,116273,0,116273,34.45
2018,4,Neuquén,1328,3044,52313,1781,21452,17135,11025,6287,112309,2056,114365,59.07
2018,4,Río Negro,384,1225,83412,643,13440,9569,5070,3094,115922,915,116837,51.86
2018,4,Salta,49,3659,58492,36365,22910,10861,2242,0,134577,1,134578,39.8
2018,4,San Juan,22,1465,59811,180,312,1,1,606,61834,564,62398,31.9
2018,4,San Luis,57,109,19164,53183,119,62,2,23635,96040,291,96331,67.55
2018,4,Santa Cruz,25,115,23107,779,206,1,4,531,24443,325,24768,23.69
2018,4,Santa Fe,335,31397,276301,121009,152039,74432,36427,28450,720161,229,720390,65.59
2018,4,Santiago Del Estero,39,3250,61347,20127,3686,77,483,326,89333,2,89335,37.4
2018,4,Tierra Del Fuego,6,27,29919,6323,9894,24,67,0,45716,544,46260,93.59
2018,4,Tucumán,16,5244,82089,42766,26111,847,14839,92,171972,32,172004,41.76
2018,3,Buenos Aires,991,80459,1445733,190805,636090,897964,237248,120464,3599714,10563,3609754,64.44
2018,3,Capital Federal,73,8493,287919,147253,370677,415020,165055,0,1385804,6686,1394490,108.45
2018,3,Catamarca,34,1994,18475,6358,5320,34,7,2151,34215,11,34373,32.92
2018,3,Chaco,70,3503,38729,24916,20335,11085,5667,1035,102021,12,105340,32.28
2018,3,Chubut,67,3951,91096,6162,531,623,164,0,101310,2426,102594,56.39
2018,3,Córdoba,81,24767,224471,96372,221984,109333,39854,6490,725764,94,723352,64.24
2018,3,Corrientes,11,6754,38364,24953,16601,8357,4419,0,99445,11,99459,34.25
2018,3,Entre Ríos,18,9048,96095,45651,31353,15111,6786,0,204560,48,204062,50.22
2018,3,Formosa,1110,3365,22624,5259,9336,1729,1434,0,44865,0,44857,29.58
2018,3,Jujuy,345,3020,29048,7756,4066,39,623,0,44934,1,44897,23.26
2018,3,La Pampa,242,8417,68507,3153,920,1189,216,698,83180,244,83342,71.75
2018,3,La Rioja,9,1291,40647,4138,5425,20,339,0,51855,17,51869,50.73
2018,3,Mendoza,20,1525,199297,2476,4727,27,129,0,205545,1484,208201,37.99
2018,3,Misiones,48,5749,39617,24747,21212,14674,4547,0,108042,0,110594,32.1
2018,3,Neuquén,1396,2244,55822,1647,23785,15218,9718,6105,114713,2005,115935,60.49
2018,3,Río Negro,409,5221,75929,512,14912,8470,4332,3719,112433,1059,113504,50.54
2018,3,Salta,116,3721,61795,32782,25582,9224,502,0,132882,1,133722,39.43
2018,3,San Juan,22,1326,62525,180,312,3,1,0,63823,658,64369,33.05
2018,3,San Luis,57,109,19170,52940,119,63,2,1902,74121,300,74362,52.35
2018,3,Santa Cruz,26,116,32815,778,206,1,3,0,33565,434,33945,32.73
2018,3,Santa Fe,467,36786,269211,115907,162545,62479,31266,13911,694883,217,692572,63.41
2018,3,Santiago Del Estero,41,2550,60260,19116,3806,64,265,0,86358,2,86102,36.25
2018,3,Tierra Del Fuego,6,187,41569,2270,231,24,13,0,45056,508,44300,92.77
2018,3,Tucumán,16,5993,81559,43282,27062,941,12187,0,171135,31,171040,41.68
2018,2,Buenos Aires,1009,81354,1459443,295457,816056,536049,199589,113357,3490134,10565,3502314,62.78
2018,2,Capital Federal,73,9234,290291,219166,445345,264805,142253,0,1362498,6688,1371167,106.53
2018,2,Catamarca,34,2414,14624,6112,4347,36,6,6500,34078,11,34073,32.86
2018,2,Chaco,70,2968,34167,24282,21887,9251,4630,1035,98509,12,98290,31.25
2018,2,Chubut,67,4471,85598,5369,4,5,9,5010,98137,2427,100533,54.9
2018,2,Córdoba,81,21779,219630,102596,244291,78852,34950,8110,712979,94,710289,63.27
2018,2,Corrientes,11,7047,38268,24066,17926,6780,3862,0,97946,11,97960,33.81
2018,2,Entre Ríos,18,8179,94459,44570,34281,12012,5920,0,199937,48,199439,49.2
2018,2,Formosa,1110,3568,22409,5176,9727,1313,1243,0,44554,0,44546,29.43
2018,2,Jujuy,345,3320,29319,8083,3977,44,7,0,45132,1,45095,23.43
2018,2,La Pampa,244,8797,68083,2409,965,969,179,698,82177,244,82344,71.04
2018,2,La Rioja,9,1384,40679,4198,5640,20,15,0,51931,17,51945,50.98
2018,2,Mendoza,20,1658,164596,515,266,17,72,33788,199468,1484,200932,36.97
2018,2,Misiones,48,6092,39489,23569,23747,11888,3866,0,106147,0,108699,31.63
2018,2,Neuquén,1396,2408,56035,1314,26417,12442,8551,6105,113842,2006,114668,60.24
2018,2,Río Negro,409,5298,75056,523,16480,6663,3725,3975,111176,1059,112129,50.15
2018,2,Salta,116,3990,61763,33285,28431,7239,182,0,134166,1,135006,39.94
2018,2,San Juan,22,1378,57591,11,0,3,0,5068,63443,658,64073,32.95
2018,2,San Luis,57,101,11992,11,0,7,2,9284,21168,300,21454,15.15
2018,2,Santa Cruz,26,120,28600,655,100,1,3,4267,33970,435,33772,33.33
2018,2,Santa Fe,744,34267,262603,112143,175540,50525,26512,22257,684243,309,684591,62.57
2018,2,Santiago Del Estero,41,2717,41362,18721,3278,31,31,17589,83773,2,83770,35.26
2018,2,Tierra Del Fuego,6,188,40912,2217,75,0,0,107,44199,508,43505,91.61
2018,2,Tucumán,16,6735,79899,44968,27059,1084,8784,1305,169926,31,169850,41.51
2018,1,Buenos Aires,1514,74766,1445752,292732,886678,480237,184203,105818,3464882,10564,3471700,62.63
2018,1,Capital Federal,89,10039,292566,222737,487826,227953,127384,0,1359882,6688,1368594,106.24
2018,1,Catamarca,34,2896,14770,6145,3539,41,4,6500,33934,11,33929,32.79
2018,1,Chaco,70,3261,32516,24488,23296,8219,3897,1035,96925,12,96782,30.83
2018,1,Chubut,67,4314,83161,5358,4,5,9,5010,95532,2427,97928,53.72
2018,1,Córdoba,281,23922,222815,104300,266259,57137,29228,10049,713825,101,713991,63.52
2018,1,Corrientes,11,5005,37152,24038,19068,5890,3256,0,94406,11,94420,32.66
2018,1,Entre Ríos,18,8861,90080,45599,37401,9818,5071,0,197346,48,196848,48.68
2018,1,Formosa,1110,3803,10092,5117,10061,1091,1046,0,32328,0,32320,21.4
2018,1,Jujuy,345,4807,27219,8044,3925,49,4,0,44405,1,44393,23.12
2018,1,La Pampa,245,8119,67104,1616,1076,614,98,3503,82668,396,82375,71.75
2018,1,La Rioja,9,1485,40680,4217,5831,19,1,0,52228,17,52242,51.44
2018,1,Mendoza,20,1662,164599,501,266,19,72,33788,199463,1484,200927,37.07
2018,1,Misiones,48,4700,35820,23291,26223,10241,3219,0,103580,0,103542,30.96
2018,1,Neuquén,1396,2367,59468,1311,29012,9709,7378,6105,115897,2006,116746,61.52
2018,1,Río Negro,409,5333,74894,530,17997,4972,3129,3975,110057,1062,111239,49.82
2018,1,Salta,116,4459,60334,33088,30771,5145,88,0,133182,1,134001,39.78
2018,1,San Juan,22,1058,57078,11,0,3,0,5068,62610,658,63240,32.61
2018,1,San Luis,57,101,11920,11,0,7,2,9284,21096,300,21382,15.15
2018,1,Santa Cruz,26,120,28600,655,100,1,3,4267,33970,435,33772,33.55
2018,1,Santa Fe,1359,33639,262008,108576,188900,39589,22801,23181,679717,309,680053,62.28
2018,1,Santiago Del Estero,41,2910,41298,18914,3449,33,2,17589,82916,2,84236,34.99
2018,1,Tierra Del Fuego,6,307,33987,2,0,0,0,107,31106,508,34409,65.2
2018,1,Tucumán,16,7472,78811,45675,26405,1218,7082,1305,168026,31,167984,41.18
2017,4,Buenos Aires,3865,55046,1551194,264645,712513,335140,151747,114182,3171206,10690,3188332,57.61
2017,4,Capital Federal,314,31411,517018,284040,458120,178396,114939,0,1575418,6906,1584238,122.9
2017,4,Catamarca,34,3182,15315,5904,2927,43,2,2151,29548,10,29558,28.62
2017,4,Chaco,70,3432,37144,24088,20123,7290,3289,1035,96603,12,96471,30.81
2017,4,Chubut,67,4313,83676,5355,7,5,9,0,91012,2428,93432,51.46
2017,4,Córdoba,291,25411,280837,102892,217602,40898,24251,8429,709874,105,700611,63.33
2017,4,Corrientes,11,5220,41080,23686,16046,5053,2675,0,93760,11,93771,32.52
2017,4,Entre Ríos,1685,9078,95466,45189,30010,7958,4113,0,193654,49,193499,47.89
2017,4,Formosa,1110,4061,13220,4867,6996,977,824,0,32056,0,32055,21.27
2017,4,Jujuy,345,5364,26566,7721,3507,44,3,0,43551,1,43550,22.74
2017,4,La Pampa,310,8729,66053,1227,792,391,81,3503,81675,396,81086,71.05
2017,4,La Rioja,9,1488,40777,4083,5813,22,3,0,52177,17,52195,51.57
2017,4,Mendoza,26,1656,177646,438,278,29,81,0,178661,1490,180154,33.33
2017,4,Misiones,1053,3900,41723,23131,22262,9091,2735,0,103895,0,103895,31.14
2017,4,Neuquén,1396,2372,68036,1325,22781,7528,6300,6105,114965,2006,115843,61.24
2017,4,Río Negro,409,5598,81078,485,12502,3447,2440,3719,108702,1062,109678,49.38
2017,4,Salta,636,4275,73284,32842,18968,3559,84,0,132811,1,133648,39.8
2017,4,San Juan,22,1062,57525,9,0,2,2,0,57965,659,58622,30.3
2017,4,San Luis,59,101,12822,8,0,1,7,1902,14604,300,14900,10.59
2017,4,Santa Cruz,68,78,29073,655,100,1,3,0,29018,434,29978,28.91
2017,4,Santa Fe,3109,34132,309998,108939,151329,30736,19602,14119,672137,323,671964,61.71
2017,4,Santiago Del Estero,41,3091,43544,18773,3359,32,2,0,68842,2,68842,29.13
2017,4,Tierra Del Fuego,6,310,31334,2,0,0,0,0,28346,508,31652,59.89
2017,4,Tucumán,105,8164,78750,45241,24318,1303,4367,0,162298,34,162248,39.9
2017,3,Buenos Aires,6577,51411,1733479,311652,676137,140812,108400,0,3046758,11202,3028468,55.63
2017,3,Capital Federal,283,33924,590689,311411,426300,120675,91917,0,1563289,7070,1575199,121.86
2017,3,Catamarca,52,3204,15383,5758,2563,50,1,0,33467,11,27011,32.49
2017,3,Chaco,95,3496,40059,23008,20307,3827,2004,0,93747,12,92796,29.98
2017,3,Chubut,436,3989,71843,2336,3,0,0,0,81067,2477,78607,46.22
2017,3,Córdoba,327,26154,309161,100113,189302,38131,16741,0,696536,108,679929,62.31
2017,3,Corrientes,24,5629,44305,22785,15576,2635,1607,0,92536,12,92561,32.17
2017,3,Entre Ríos,1691,7545,98032,42947,29011,3878,2397,0,185414,50,185501,45.96
2017,3,Formosa,1063,3716,13752,5187,6056,899,459,0,32105,0,31132,21.35
2017,3,Jujuy,337,5723,26835,7369,2962,41,2,0,43241,1,43269,22.65
2017,3,La Pampa,343,8244,64794,855,588,327,51,0,79280,410,75202,69.14
2017,3,La Rioja,16,1497,40882,3899,5604,23,3,0,51896,17,51924,51.47
2017,3,Mendoza,32,95,158461,115,67,29,19,0,190958,1533,158818,35.7
2017,3,Misiones,1058,4123,42900,22808,23913,3843,1881,0,100476,0,100526,30.21
2017,3,Neuquén,2036,1457,72532,1034,20213,7067,4937,0,113755,2029,109276,60.83
2017,3,Río Negro,422,5641,83900,306,10116,2965,1659,0,106393,1103,105009,48.52
2017,3,Salta,645,4494,78830,32433,14620,2315,63,0,132517,1,133400,39.84
2017,3,San Juan,31,1077,57582,1,0,2,2,0,61789,660,58695,32.37
2017,3,San Luis,63,3,12325,7,0,1,7,0,21408,311,12406,15.48
2017,3,Santa Cruz,188,23,29102,542,66,33,1,0,33222,468,29955,33.29
2017,3,Santa Fe,3116,34019,320017,104453,125339,24536,12982,0,662086,256,624462,60.91
2017,3,Santiago Del Estero,69,3288,40435,18489,3047,30,2,0,82792,2,65360,35.12
2017,3,Tierra Del Fuego,9,297,33858,0,0,0,0,0,30883,583,34164,65.74
2017,3,Tucumán,109,8948,83070,45302,20514,1361,655,0,160979,33,159959,39.7
2017,2,Buenos Aires,7548,47472,1910156,299009,573298,93059,46178,0,3067430,11201,2976720,56.27
2017,2,Capital Federal,556,35663,726223,304970,378571,80234,37977,0,1592175,8016,1564194,124.06
2017,2,Catamarca,15,3318,15655,5325,2342,47,1,0,26692,13,26703,25.98
2017,2,Chaco,191,3733,42590,22349,18044,3157,545,0,90597,14,90609,29.05
2017,2,Chubut,403,4186,73760,1880,0,0,0,0,62245,1730,80229,35.55
2017,2,Córdoba,251,26862,370865,88479,146683,20351,5069,0,657505,133,658560,58.97
2017,2,Corrientes,15,5912,46483,21776,13043,2218,647,0,90085,12,90094,31.39
2017,2,Entre Ríos,1680,7944,104422,41800,23524,2604,823,0,182675,57,182797,45.39
2017,2,Formosa,1486,3419,14787,4795,4583,749,139,0,29956,0,29958,19.97
2017,2,Jujuy,311,5877,26915,6974,2538,42,1,0,42656,1,42658,22.4
2017,2,La Pampa,356,8633,59045,558,336,244,21,0,72573,449,69193,63.49
2017,2,La Rioja,9,1554,9304,3599,1796,24,2,0,16271,18,16288,16.2
2017,2,Mendoza,109,24,177203,92,50,5,22,0,169302,1451,177505,31.76
2017,2,Misiones,1011,4447,47244,22033,21599,2892,570,0,99794,0,99796,30.09
2017,2,Neuquén,1542,1395,81272,849,18051,4774,1703,0,115321,2112,109586,61.91
2017,2,Río Negro,973,5606,88085,245,7990,1921,559,0,100621,998,105379,46.02
2017,2,Salta,594,4719,67576,23185,11333,1068,76,0,108540,1,108551,32.74
2017,2,San Juan,15,193,58588,0,0,0,4,0,51261,620,58800,26.96
2017,2,San Luis,8,4,14014,0,0,1,2,0,12992,315,14029,9.51
2017,2,Santa Cruz,188,24,30913,541,66,33,0,0,26019,369,31765,26.25
2017,2,Santa Fe,4967,38721,311830,92854,97563,16794,4275,0,566918,362,567004,52.27
2017,2,Santiago Del Estero,26,3539,20384,6432,2802,16,0,0,33194,2,33199,14.12
2017,2,Tierra Del Fuego,16,285,35409,0,0,0,0,0,31938,619,35710,68.46
2017,2,Tucumán,96,9236,83342,42536,17788,1371,21,0,154374,37,154390,38.19
2017,1,Buenos Aires,6017,83918,2057698,402315,523540,90937,22299,0,3178174,11202,3186724,58.57
2017,1,Capital Federal,510,1409,678922,218487,277195,66536,19881,0,1391030,8016,1262940,108.37
2017,1,Catamarca,15,3328,15861,4901,2161,49,0,0,26304,13,26315,25.66
2017,1,Chaco,191,3835,44544,21467,15671,3025,314,0,89036,14,89047,28.62
2017,1,Chubut,401,4182,73759,1808,0,0,0,0,62166,1730,80150,35.66
2017,1,Córdoba,50,28732,391556,82011,118643,19035,2071,0,641066,133,642098,57.65
2017,1,Corrientes,15,6040,48149,20586,11468,2044,303,0,88596,12,88605,30.94
2017,1,Entre Ríos,1680,8080,108379,39146,20562,2254,317,0,180296,57,180418,44.91
2017,1,Formosa,1535,3538,15473,4446,4058,635,22,0,29705,0,29707,19.84
2017,1,Jujuy,330,6213,27824,6486,2306,44,0,0,43202,1,43203,22.76
2017,1,La Pampa,362,9279,57739,331,192,165,11,0,71458,455,68079,62.67
2017,1,La Rioja,9,1578,9486,3409,1718,22,2,0,16207,18,16224,16.2
2017,1,Mendoza,106,15,177201,86,50,5,22,0,169282,1451,177485,31.84
2017,1,Misiones,1010,4665,45950,23847,19356,2627,166,0,97619,0,97621,29.52
2017,1,Neuquén,1547,1418,83813,902,15130,4223,458,0,113227,2112,107491,61.02
2017,1,Río Negro,986,5647,89622,246,6738,1594,200,0,100288,1000,105033,46.03
2017,1,Salta,579,4861,70922,21554,9386,267,74,0,107632,1,107643,32.58
2017,1,San Juan,8,192,58588,0,0,0,4,0,51253,620,58792,27.04
2017,1,San Luis,8,4,14014,0,0,1,2,0,12992,315,14029,9.55
2017,1,Santa Cruz,190,23,31078,474,68,30,0,0,26116,370,31863,26.52
2017,1,Santa Fe,4966,39463,340418,77152,83008,15775,1831,0,562520,362,562613,51.97
2017,1,Santiago Del Estero,26,3772,21659,6218,2786,17,0,0,34473,2,34478,14.7
2017,1,Tierra Del Fuego,16,285,35409,0,0,0,0,0,31938,619,35710,68.92
2017,1,Tucumán,96,9682,86470,39155,15951,1383,13,0,152734,37,152750,37.9
2016,4,Buenos Aires,6055,86281,2085605,403575,467398,72348,17279,0,3131499,11202,3138541,61.24
2016,4,Capital Federal,517,1477,704324,225723,264582,53506,16756,0,1393443,8016,1266885,120.63
2016,4,Catamarca,15,3478,16519,4889,2077,54,0,0,27021,13,27032,26.54
2016,4,Chaco,191,3983,45634,21323,14887,2586,250,0,88833,14,88854,28.79
2016,4,Chubut,401,4493,73951,1352,0,0,0,0,62035,1730,80197,36.07
2016,4,Córdoba,50,29380,404645,77966,108368,15458,1606,0,636422,133,637473,57.7
2016,4,Corrientes,15,6109,48995,20187,10908,1645,234,0,88084,12,88093,30.98
2016,4,Entre Ríos,1680,8253,110296,38491,19509,1801,280,0,180188,57,180310,45.21
2016,4,Formosa,1573,3519,15791,4114,3855,649,17,0,29513,0,29518,19.85
2016,4,Jujuy,303,6225,27778,6143,2134,43,0,0,42624,1,42626,22.65
2016,4,La Pampa,368,9789,56694,16,335,132,11,0,71368,460,67345,63.02
2016,4,La Rioja,9,1646,9635,3334,1675,13,3,0,16298,18,16315,16.46
2016,4,Mendoza,114,16,177194,79,49,5,20,0,169274,1451,177477,32.11
2016,4,Misiones,1010,4783,47454,23433,18371,2215,126,0,97390,0,97392,29.72
2016,4,Neuquén,1539,1406,84859,792,14153,3073,271,0,111723,2112,106093,60.87
2016,4,Río Negro,998,2953,92967,248,6317,1174,122,0,100020,1000,104779,46.39
2016,4,Salta,577,5027,71636,20787,8611,239,70,0,106934,1,106947,32.69
2016,4,San Juan,8,220,58608,0,0,0,4,0,51301,620,58840,27.29
2016,4,San Luis,8,4,14014,0,0,1,2,0,12992,315,14029,9.64
2016,4,Santa Cruz,189,23,31369,342,80,10,0,0,26094,370,32013,27.05
2016,4,Santa Fe,4966,40102,349722,74401,77667,13155,1529,0,561470,362,561542,52.19
2016,4,Santiago Del Estero,26,3925,22246,6178,2664,15,0,0,35049,2,35054,15.07
2016,4,Tierra Del Fuego,16,285,35409,0,0,0,0,0,31938,619,35710,70.31
2016,4,Tucumán,96,10021,87994,37721,14389,1400,10,0,151615,37,151631,37.98
2016,3,Buenos Aires,5856,107945,2148475,393530,399116,52900,13318,0,3075387,11205,3121140,60.14
2016,3,Capital Federal,331,995,759028,208249,240856,38341,13886,0,1395053,8051,1261686,120.77
2016,3,Catamarca,15,4038,16183,4845,1853,50,0,0,26957,13,26984,26.48
2016,3,Chaco,190,5227,46821,21193,13746,2022,217,0,89216,14,89416,28.91
2016,3,Chubut,466,5190,74375,674,0,0,0,0,62222,1730,80705,36.18
2016,3,Córdoba,48,41329,415075,75988,99225,11691,1322,0,642458,133,644678,58.24
2016,3,Corrientes,15,7425,49471,19956,10006,1263,210,0,88328,12,88346,31.07
2016,3,Entre Ríos,1768,10657,110844,38665,17737,1307,248,0,181092,57,181226,45.44
2016,3,Formosa,1723,4277,15581,3964,3658,648,10,0,27716,0,29861,18.64
2016,3,Jujuy,286,6878,27425,5943,1978,31,0,0,42537,1,42541,22.61
2016,3,La Pampa,374,10187,55792,15,224,114,11,0,69903,461,66717,61.73
2016,3,La Rioja,9,2349,9686,3316,1562,11,2,0,16912,18,16935,17.07
2016,3,Mendoza,37,10,178186,73,48,5,17,0,169174,1450,178376,32.09
2016,3,Misiones,1010,6030,48871,23394,17043,1559,91,0,97997,0,97998,29.91
2016,3,Neuquén,1531,1527,87404,680,12541,2118,225,0,110491,2112,106026,60.21
2016,3,Río Negro,1007,6026,90689,207,5953,790,99,0,100024,1002,104771,46.39
2016,3,Salta,1107,6922,71214,20229,8099,197,50,0,107790,1,107818,32.96
2016,3,San Juan,8,245,58577,0,0,0,2,0,51348,620,58832,27.32
2016,3,San Luis,7,4,14077,0,0,1,2,0,12978,315,14091,9.63
2016,3,Santa Cruz,189,22,31904,221,52,9,0,0,25886,371,32397,26.84
2016,3,Santa Fe,3958,49501,360606,72657,69864,10210,1308,0,566625,386,568104,52.67
2016,3,Santiago Del Estero,26,5097,22747,6216,2497,9,0,0,35658,2,36592,15.33
2016,3,Tierra Del Fuego,16,285,35080,0,0,0,0,0,31306,619,35381,68.94
2016,3,Tucumán,127,12247,87970,36518,13150,1288,4,0,151282,37,151304,37.9
2016,2,Buenos Aires,10786,133385,2250898,335296,334723,31494,11933,0,3032776,12515,3108515,59.34
2016,2,Capital Federal,4352,1736,859039,146091,213010,19597,13477,0,1384824,9760,1257302,120.04
2016,2,Catamarca,15,5736,14742,4567,1496,47,1,0,26543,13,26604,26.07
2016,2,Chaco,197,8063,45823,20346,12090,1571,201,0,88235,16,88291,28.59
2016,2,Chubut,572,5421,73078,775,0,0,0,0,62116,1740,79846,36.12
2016,2,Córdoba,258,57050,437547,71980,82618,8355,1242,0,634680,234,659050,57.55
2016,2,Corrientes,41,10018,47916,19200,8851,803,191,0,86932,24,87020,30.58
2016,2,Entre Ríos,4734,16368,115000,36917,15522,849,205,0,178194,179,189595,44.74
2016,2,Formosa,1675,5401,14370,3569,3218,593,10,0,28801,1,28836,19.37
2016,2,Jujuy,2561,8292,25301,5589,1750,3,0,0,41187,2,43496,21.89
2016,2,La Pampa,429,10616,63928,15,119,96,11,0,68403,485,75214,60.44
2016,2,La Rioja,10,3151,9043,3190,1344,3,5,0,16718,18,16746,16.88
2016,2,Mendoza,437,30,176922,61,44,5,20,0,169274,1550,177519,32.13
2016,2,Misiones,1973,7899,49586,21385,14820,1073,96,0,95808,7,96832,29.24
2016,2,Neuquén,1916,1691,88854,583,10241,1285,208,0,108224,2291,104778,59.1
2016,2,Río Negro,1189,6107,92158,194,4877,520,86,0,99631,1073,105131,46.24
2016,2,Salta,2160,10123,70875,18759,7129,140,49,0,104929,3,109235,32.08
2016,2,San Juan,10,273,57589,0,0,0,4,0,51392,621,57876,27.34
2016,2,San Luis,12,4,13931,0,0,1,2,0,12939,317,13950,9.6
2016,2,Santa Cruz,244,26,31995,142,20,0,0,0,25797,356,32427,26.73
2016,2,Santa Fe,9486,67325,374960,68505,60469,6509,1277,0,563867,607,588531,52.44
2016,2,Santiago Del Estero,704,6705,22208,5943,2108,1,0,0,36958,3,37669,15.89
2016,2,Tierra Del Fuego,16,286,38773,0,0,0,0,0,30740,619,39075,67.72
2016,2,Tucumán,231,18515,83945,33891,11310,1032,2,0,148636,41,148926,37.24
2016,1,Buenos Aires,7351,97880,2214760,289929,247372,8315,9529,0,2929903,12612,2875136,57.34
2016,1,Capital Federal,2310,43686,869048,178665,192644,6577,10838,0,1328079,9817,1303768,115.16
2016,1,Catamarca,15,6102,14653,4241,1334,42,1,0,26376,13,26388,25.91
2016,1,Chaco,194,8755,46304,19388,10587,1238,184,0,86635,16,86650,28.08
2016,1,Chubut,94,5095,72396,1066,0,0,0,0,62060,1740,78651,36.09
2016,1,Córdoba,148,59484,414452,65763,66455,4143,1039,0,609692,234,611484,55.28
2016,1,Corrientes,29,10690,47833,18375,7911,526,170,0,85510,26,85534,30.08
2016,1,Entre Ríos,2864,17749,104137,35104,14057,457,165,0,174634,179,174533,43.85
2016,1,Formosa,1738,5731,14163,3229,2906,544,5,0,28313,1,28316,19.04
2016,1,Jujuy,2543,8558,22383,5188,1623,0,0,0,40287,2,40295,21.41
2016,1,La Pampa,426,11065,52117,15,78,71,11,0,65442,487,63783,57.84
2016,1,La Rioja,10,3382,9060,2980,1254,2,3,0,16673,18,16691,16.83
2016,1,Mendoza,235,21,175376,47,43,5,17,0,169257,1553,175744,32.12
2016,1,Misiones,959,8502,50061,19195,13363,779,68,0,92951,7,92927,28.37
2016,1,Neuquén,1720,1737,86310,479,7893,143,171,0,101969,2292,98453,55.75
2016,1,Río Negro,1171,6105,90038,203,4246,77,81,0,98745,1077,101921,45.84
2016,1,Salta,1119,10765,65646,17748,6643,119,31,0,102423,3,102071,31.32
2016,1,San Juan,9,309,56447,0,0,0,2,0,51373,621,56767,27.33
2016,1,San Luis,8,4,13645,0,0,1,2,0,12915,317,13660,9.59
2016,1,Santa Cruz,168,29,32188,8,0,0,0,0,25931,356,32393,26.87
2016,1,Santa Fe,6492,71565,353525,64117,51293,3754,1063,0,551378,618,551809,51.28
2016,1,Santiago Del Estero,703,7219,22805,5769,1898,0,0,0,37695,3,38394,16.21
2016,1,Tierra Del Fuego,16,285,33003,0,0,0,0,0,29867,619,33304,65.83
2016,1,Tucumán,106,20092,84008,31490,10046,871,0,0,146596,41,146613,36.72
2015,4,Buenos Aires,7985,100303,2253197,274560,240188,3835,8180,0,2946743,12642,2888246,58.29
2015,4,Capital Federal,2417,46568,916813,172029,198635,3087,10899,0,1360381,9845,1350450,118.13
2015,4,Catamarca,15,6513,14484,4106,1313,39,1,0,26459,13,26471,26.24
2015,4,Chaco,194,9593,46771,18608,10092,1136,159,0,86537,16,86553,28.35
2015,4,Chubut,625,5774,71881,168,0,0,0,0,62279,1740,78448,36.89
2015,4,Córdoba,148,63746,427471,62989,67151,3336,1088,0,625835,235,625929,57.36
2015,4,Corrientes,29,11248,48104,17877,7569,456,150,0,85409,26,85433,30.34
2015,4,Entre Ríos,2865,18883,104224,33989,13668,399,163,0,173957,180,174191,44.11
2015,4,Formosa,1791,6081,14279,2704,2713,519,4,0,28088,1,28091,19.07
2015,4,Jujuy,2551,8876,21867,5044,1587,0,0,0,39922,2,39925,21.47
2015,4,La Pampa,592,12951,48798,16,63,49,10,0,66054,312,62479,58.76
2015,4,La Rioja,10,3638,9127,2937,1215,2,3,0,16914,18,16932,17.32
2015,4,Mendoza,241,23,174719,38,41,5,13,0,169251,1556,175080,32.49
2015,4,Misiones,959,9169,51029,17281,13690,675,52,0,92846,7,92855,28.69
2015,4,Neuquén,1727,2061,89678,455,7934,9,175,0,105122,2294,102039,58.29
2015,4,Río Negro,3282,4473,89062,201,4024,5,75,0,98655,1067,101122,46.44
2015,4,Salta,1122,11387,65677,17139,6507,99,5,0,101917,3,101936,31.59
2015,4,San Juan,9,386,55761,0,0,0,2,0,51408,621,56158,27.66
2015,4,San Luis,8,4,13473,0,0,1,2,0,12901,317,13488,9.71
2015,4,Santa Cruz,188,26,32338,3,0,0,0,0,26047,356,32555,27.74
2015,4,Santa Fe,6659,75770,361264,60985,51258,3079,1189,0,561045,627,560204,52.61
2015,4,Santiago Del Estero,703,7836,23074,5669,1856,0,0,0,39132,3,39138,17.0
2015,4,Tierra Del Fuego,16,285,32662,0,0,0,0,0,29334,619,32963,66.46
2015,4,Tucumán,107,21800,83887,29942,9507,837,0,0,146053,42,146080,37.06
2015,3,Buenos Aires,8361,107351,2266948,262564,200491,2642,7720,0,2916070,12695,2856078,57.69
2015,3,Capital Federal,2448,49340,942525,159618,175594,2028,10022,0,1362193,9875,1341574,118.29
2015,3,Catamarca,15,6871,14206,4143,812,43,1,0,26080,13,26091,25.86
2015,3,Chaco,240,10353,47131,19016,7498,979,157,0,85354,16,85374,27.96
2015,3,Chubut,641,5886,71668,167,0,0,0,0,62143,1740,78362,36.81
2015,3,Córdoba,150,68765,429787,61109,59372,2582,1048,0,622761,237,622813,57.08
2015,3,Corrientes,33,11921,48127,18168,6111,453,146,0,84931,28,84959,30.17
2015,3,Entre Ríos,2863,20385,103990,34788,9924,384,153,0,172252,182,172487,43.68
2015,3,Formosa,1862,6521,14354,2791,1842,379,2,0,27751,1,27751,18.84
2015,3,Jujuy,2549,9278,21588,5169,966,0,0,0,39548,2,39550,21.27
2015,3,La Pampa,613,13087,47660,9,55,39,10,0,64976,495,61473,57.96
2015,3,La Rioja,10,3840,9102,2984,832,0,3,0,16753,18,16771,17.15
2015,3,Mendoza,256,25,173430,45,18,5,13,0,169261,1562,173792,32.49
2015,3,Misiones,958,9809,51234,17367,11654,559,43,0,91615,7,91624,28.31
2015,3,Neuquén,1733,2124,85044,210,6599,2,155,0,98376,2240,95867,54.6
2015,3,Río Negro,3372,4457,88691,99,3826,1,62,0,98529,1085,100508,46.39
2015,3,Salta,1126,12223,65405,17451,4318,61,5,0,100570,3,100589,31.18
2015,3,San Juan,9,391,54963,0,0,0,2,0,51409,621,55365,27.67
2015,3,San Luis,9,4,13286,0,0,1,2,0,12902,317,13302,9.71
2015,3,Santa Cruz,190,25,32266,2,0,0,0,0,25912,359,32483,27.61
2015,3,Santa Fe,6767,80817,363177,59531,42021,2320,1133,0,556097,641,555766,52.15
2015,3,Santiago Del Estero,703,8332,23158,5956,1249,0,0,0,39394,3,39398,17.12
2015,3,Tierra Del Fuego,15,285,36408,2,0,0,0,0,33118,619,36710,74.86
2015,3,Tucumán,107,23687,83654,29998,6232,623,0,0,144272,42,144301,36.61
2015,2,Buenos Aires,8714,137189,2299705,243503,159922,2010,6712,0,2871079,12711,2857754,56.8
2015,2,Capital Federal,2493,51799,990112,148569,142976,1482,9258,0,1336391,9893,1346690,116.07
2015,2,Catamarca,15,7253,14003,3776,593,37,1,0,25666,13,25678,25.45
2015,2,Chaco,288,11058,47551,17675,6337,788,149,0,83832,16,83846,27.46
2015,2,Chubut,656,6032,55791,168,0,0,0,0,61745,1740,62647,36.58
2015,2,Córdoba,156,72695,434717,54993,46415,1956,903,0,609510,236,611835,55.87
2015,2,Corrientes,34,12542,48015,17184,5039,379,126,0,83288,28,83319,29.58
2015,2,Entre Ríos,2864,21986,104043,32293,7867,354,136,0,169309,183,169543,42.93
2015,2,Formosa,1881,6907,14247,2436,1324,257,1,0,27013,37,27053,18.36
2015,2,Jujuy,2479,9474,20248,4792,730,0,0,0,37720,2,37723,20.29
2015,2,La Pampa,5737,8182,46235,27,24,25,10,0,63552,500,60240,56.71
2015,2,La Rioja,10,4082,9093,2680,641,0,3,0,16491,18,16509,16.88
2015,2,Mendoza,268,26,170451,42,16,5,13,0,169259,1564,170821,32.49
2015,2,Misiones,958,10360,51671,15022,10072,408,33,0,88512,7,88524,27.35
2015,2,Neuquén,1755,2348,82727,214,5168,2,110,0,95644,2241,92324,53.12
2015,2,Río Negro,3413,4525,87362,97,3240,1,51,0,97640,1087,98689,45.98
2015,2,Salta,1123,13020,64737,16241,3114,29,5,0,98264,3,98269,30.46
2015,2,San Juan,8,410,51568,0,0,0,2,0,51367,621,51988,27.64
2015,2,San Luis,9,4,13204,0,0,1,2,0,12904,317,13220,9.71
2015,2,Santa Cruz,210,25,25519,2,0,0,0,0,25384,379,25756,27.07
2015,2,Santa Fe,6827,86016,364441,53205,33894,1856,1014,0,545739,649,547253,51.18
2015,2,Santiago Del Estero,703,8779,23456,5553,888,0,0,0,39375,3,39379,17.11
2015,2,Tierra Del Fuego,15,285,36073,2,0,0,0,0,32960,619,36375,74.51
2015,2,Tucumán,107,25178,83462,26966,4502,455,0,0,140635,42,140670,35.69
2015,1,Buenos Aires,8882,123589,2267852,220070,126958,1561,5700,0,2847076,14766,2754612,56.37
2015,1,Capital Federal,2545,59084,1013510,134151,114569,1195,8401,0,1321139,11582,1333455,114.9
2015,1,Catamarca,13,7634,13754,3202,517,9,1,0,25312,20,25130,25.11
2015,1,Chaco,26,12053,47425,15883,5346,489,135,0,81329,31,81357,26.65
2015,1,Chubut,651,6176,57333,102,0,0,0,0,63327,1946,64262,37.61
2015,1,Córdoba,157,78427,432802,46574,37443,1615,815,0,596663,294,597833,54.7
2015,1,Corrientes,36,13295,47842,15554,4424,235,98,0,81488,43,81484,28.95
2015,1,Entre Ríos,2867,23951,104168,28113,6926,274,119,0,165839,231,166418,42.07
2015,1,Formosa,1891,7336,14413,2024,878,157,1,0,26657,43,26700,18.12
2015,1,Jujuy,2458,9754,19858,3939,603,0,0,0,36608,3,36612,19.69
2015,1,La Pampa,6059,8054,45038,26,10,13,10,0,62155,542,59210,55.51
2015,1,La Rioja,11,4201,9379,2207,533,0,3,0,16310,23,16334,16.7
2015,1,Mendoza,287,24,169763,38,16,6,11,0,168355,1805,170145,32.37
2015,1,Misiones,958,11136,51906,12387,8543,194,26,0,85139,7,85150,26.31
2015,1,Neuquén,1895,2577,80787,170,4067,2,76,0,93373,2369,89574,51.95
2015,1,Río Negro,3371,4913,86173,94,2632,2,42,0,96145,1188,97227,45.33
2015,1,Salta,1123,14151,64992,13955,2569,15,5,0,96793,18,96810,30.01
2015,1,San Juan,8,445,51346,0,0,0,2,0,51117,702,51801,27.55
2015,1,San Luis,10,8,12720,0,1,0,2,0,12878,354,12741,9.72
2015,1,Santa Cruz,205,27,26048,2,0,0,0,0,26217,424,26282,27.99
2015,1,Santa Fe,6883,93096,360964,45270,27597,1542,900,0,535640,797,536252,50.24
2015,1,Santiago Del Estero,701,9236,23136,4796,748,0,0,0,39244,8,38617,17.06
2015,1,Tierra Del Fuego,14,609,36319,2,0,0,0,0,32726,730,36944,74.23
2015,1,Tucumán,107,27143,83895,23061,3722,334,0,0,138184,92,138262,35.08
2014,4,Buenos Aires,8226,132937,2250445,203620,104322,997,5406,0,2801178,15229,2705954,56.09
2014,4,Capital Federal,2698,62896,1038269,123451,95772,890,7997,0,1318526,11994,1331972,114.9
2014,4,Catamarca,21,8047,14093,2910,421,0,1,0,25472,21,25493,25.51
2014,4,Chaco,483,12837,42106,7908,2600,124,2,0,65998,37,66060,21.87
2014,4,Chubut,1858,6218,60392,70,0,0,0,0,66557,1985,68538,40.25
2014,4,Córdoba,1903,85362,427844,41947,30858,1177,782,0,590113,319,589873,54.7
2014,4,Corrientes,40,13860,42182,7513,2106,0,9,0,65656,54,65710,23.56
2014,4,Entre Ríos,2311,27801,88649,18318,3584,1,66,0,140567,246,140730,36.03
2014,4,Formosa,1947,7830,14058,1852,473,47,1,0,26156,51,26208,17.96
2014,4,Jujuy,1880,10427,19740,3443,465,0,0,0,35999,3,35955,19.6
2014,4,La Pampa,6266,6879,36520,26,5,4,10,0,56813,567,49710,51.27
2014,4,La Rioja,9,4333,9728,1943,386,0,3,0,16379,23,16402,17.01
2014,4,Mendoza,303,19,169222,36,14,5,12,0,167766,1848,169611,32.64
2014,4,Misiones,547,11840,53093,8731,2952,54,12,0,77222,7,77229,24.16
2014,4,Neuquén,1731,2744,80938,126,3621,2,66,0,92999,2397,89228,52.55
2014,4,Río Negro,3640,4723,85094,94,2319,4,30,0,95050,1210,95904,45.48
2014,4,Salta,54,16214,63221,12552,1922,0,4,0,93921,26,93967,29.53
2014,4,San Juan,11,478,51628,0,0,0,2,0,51390,729,52119,28.04
2014,4,San Luis,9,0,13135,0,0,1,2,0,12788,359,13147,9.79
2014,4,Santa Cruz,156,1400,24145,1,1,0,0,0,25277,436,25703,27.8
2014,4,Santa Fe,8707,99962,359293,36718,21098,869,824,0,528459,938,527471,50.0
2014,4,Santiago Del Estero,1246,8913,24181,4359,602,0,0,0,39308,9,39301,17.27
2014,4,Tierra Del Fuego,12,283,31489,2,0,0,0,0,28249,741,31786,66.14
2014,4,Tucumán,17,28746,85091,20631,2733,196,0,0,137329,95,137414,35.32
2014,3,Buenos Aires,7355,128187,2281524,156693,68947,243,4232,0,2835537,14028,2647181,56.75
2014,3,Capital Federal,840,78016,1060145,102170,70907,95,6626,0,1307195,10630,1318799,113.8
2014,3,Catamarca,19,8845,13790,1915,111,0,0,0,24665,21,24680,24.71
2014,3,Chaco,398,14731,41934,5428,1274,5,0,0,63710,36,63770,21.11
2014,3,Chubut,2013,6281,60771,34,0,0,0,0,67130,2007,69099,40.6
2014,3,Córdoba,660,98992,435692,28992,18888,84,664,0,585231,200,583972,54.23
2014,3,Corrientes,21,15448,41717,5181,1172,0,0,0,63516,33,63539,22.79
2014,3,Entre Ríos,1709,29710,91450,12569,1310,0,48,0,136618,115,136796,34.98
2014,3,Formosa,2001,8323,14202,1324,85,0,0,0,25873,64,25935,17.77
2014,3,Jujuy,127,10979,20216,2305,82,0,0,0,33739,2,33709,18.37
2014,3,La Pampa,6458,6645,41009,24,5,4,10,0,61861,564,54155,55.78
2014,3,La Rioja,10,4785,9720,1337,61,0,0,0,15893,23,15913,16.51
2014,3,Mendoza,35,0,167763,31,12,13,1,0,166184,1740,167855,32.31
2014,3,Misiones,640,13637,53510,5928,1606,0,1,0,75327,0,75322,23.57
2014,3,Neuquén,1522,3099,80090,107,2865,10,27,0,100099,2268,87720,56.4
2014,3,Río Negro,3640,5189,86868,87,1944,8,9,0,96629,1151,97745,46.2
2014,3,Salta,732,17481,66026,8314,388,0,0,0,92929,25,92941,29.22
2014,3,San Juan,8,487,51276,0,0,0,0,0,51031,748,51771,27.85
2014,3,San Luis,8,0,13029,0,0,3,0,0,12683,363,13040,9.71
2014,3,Santa Cruz,195,1624,24248,1,1,0,0,0,25664,446,26069,28.23
2014,3,Santa Fe,8230,112593,357615,23962,12124,38,806,0,520196,691,515368,49.2
2014,3,Santiago Del Estero,791,9914,23826,2867,142,0,0,0,37539,9,37540,16.49
2014,3,Tierra Del Fuego,12,336,32348,2,0,0,0,0,28037,755,32698,65.69
2014,3,Tucumán,6,32716,84668,14101,559,4,0,0,131978,88,132054,33.94
2014,2,Buenos Aires,6902,162274,2288772,140226,56549,284,4309,0,2750430,14116,2659316,55.06
2014,2,Capital Federal,847,81431,1078213,87359,56004,59,6427,0,1299502,10713,1310340,113.14
2014,2,Catamarca,19,8844,13794,1915,111,0,0,0,24660,23,24683,24.7
2014,2,Chaco,412,14854,41530,5418,1085,5,0,0,63243,36,63304,20.96
2014,2,Chubut,2064,6582,61868,0,0,0,0,0,68503,2016,70514,41.41
2014,2,Córdoba,2105,101598,429536,28698,14824,76,627,0,576747,205,577464,53.45
2014,2,Corrientes,20,15563,41219,5199,956,0,0,0,62925,33,62957,22.58
2014,2,Entre Ríos,2187,32781,86757,12564,1162,0,44,0,135468,115,135495,34.69
2014,2,Formosa,2032,8218,13944,1321,85,0,0,0,25535,65,25600,17.54
2014,2,Jujuy,1873,11233,18851,2305,82,0,0,0,34359,2,34344,18.71
2014,2,La Pampa,7032,6761,34089,18,5,4,10,0,55048,580,47919,49.71
2014,2,La Rioja,10,4785,9719,1337,61,0,0,0,15889,23,15912,16.5
2014,2,Mendoza,35,6,166710,31,10,5,10,0,165046,1761,166807,32.1
2014,2,Misiones,540,13644,53245,5924,1334,2,0,0,74689,0,74689,23.37
2014,2,Neuquén,1531,3206,79087,92,2289,2,30,0,90053,2235,86237,50.84
2014,2,Río Negro,3468,5507,84978,78,1569,2,8,0,94812,1145,95610,45.33
2014,2,Salta,53,18818,64440,8293,388,0,0,0,91949,25,91992,28.91
2014,2,San Juan,10,507,51129,0,0,0,0,0,50891,755,51646,27.78
2014,2,San Luis,7,0,13045,0,0,1,2,0,12691,364,13055,9.72
2014,2,Santa Cruz,153,1637,25374,2,0,0,0,0,26710,459,27166,29.38
2014,2,Santa Fe,8515,115197,353559,23939,10058,34,792,0,511753,605,512094,48.39
2014,2,Santiago Del Estero,1231,9914,23842,2867,142,0,0,0,38002,9,37996,16.7
2014,2,Tierra Del Fuego,12,334,31198,2,0,0,0,0,27443,766,31546,64.36
2014,2,Tucumán,6,32714,84675,14101,559,4,0,0,131981,88,132059,33.94
2014,1,Buenos Aires,8469,171244,2279875,121787,38923,206,4037,0,2725732,14144,2624542,54.57
2014,1,Capital Federal,852,88826,1096050,70293,38798,55,6208,0,1289204,10714,1301081,112.25
2014,1,Catamarca,19,9147,13330,1672,64,0,0,0,24209,23,24232,24.25
2014,1,Chaco,438,15849,40869,4644,741,5,0,0,62520,36,62546,20.72
2014,1,Chubut,7452,10,61329,0,0,0,0,0,68205,2016,68791,41.24
2014,1,Córdoba,2076,107705,423114,24112,9818,40,588,0,566705,205,567453,52.52
2014,1,Corrientes,20,16357,40742,4486,630,0,0,0,62203,33,62235,22.32
2014,1,Entre Ríos,2177,35206,85248,10828,746,0,43,0,134216,115,134248,34.37
2014,1,Formosa,2062,8475,13685,1133,67,0,0,0,25335,87,25422,17.42
2014,1,Jujuy,1832,11498,18415,2002,56,0,0,0,33825,2,33803,18.42
2014,1,La Pampa,7434,6535,32501,17,5,4,10,0,53601,592,46506,48.43
2014,1,La Rioja,10,5111,9390,1165,35,0,0,0,15688,23,15711,16.29
2014,1,Mendoza,35,6,166655,19,10,6,9,0,164084,1761,166740,31.91
2014,1,Misiones,545,14460,52852,5139,958,0,0,0,73950,0,73954,23.14
2014,1,Neuquén,4133,987,77148,84,1582,2,22,0,88077,2303,83958,49.79
2014,1,Río Negro,4670,4618,84304,73,1062,1,8,0,93909,1157,94736,44.91
2014,1,Salta,53,19677,64061,7192,314,0,0,0,91265,25,91297,28.7
2014,1,San Juan,531,2,51056,0,0,0,0,0,50543,755,51589,27.6
2014,1,San Luis,7,3,12544,0,1,0,2,0,12193,364,12557,9.35
2014,1,Santa Cruz,161,1625,24972,1,1,0,0,0,26304,460,26760,28.94
2014,1,Santa Fe,8456,124468,345225,20328,6845,23,668,0,506000,612,506013,47.85
2014,1,Santiago Del Estero,1234,10531,22817,2422,109,0,0,0,37124,9,37113,16.31
2014,1,Tierra Del Fuego,12,607,30902,6,0,0,0,0,27272,766,31527,63.97
2014,1,Tucumán,6,34672,83210,11779,362,3,0,0,129944,88,130032,33.42
